name,Gender,Eye color,Race,Hair color,Height,Publisher,Skin color,Alignment,Weight,Underwater breathing,Teleportation,Telekinesis,Energy Beams,Fire Control,Precognition,Hypnokinesis,Animal Control,Levitation,Water Control,Omnilingualism,Magnetism,Wind Control,Resurrection,Weather Control,Web Creation
A-Bomb,Male,yellow,Human,No Hair,203.0,Marvel Comics,-,good,441.0,False,False,False,False,False,False,False,False,False,False,False,False,False,False,False,False
Abe Sapien,Male,blue,Icthyo Sapien,No Hair,191.0,Dark Horse Comics,blue,good,65.0,True,False,False,False,False,False,False,False,False,False,False,False,False,False,False,False
Abin Sur,Male,blue,Ungaran,No Hair,185.0,DC Comics,red,good,90.0,False,False,False,False,False,False,False,False,False,False,False,False,False,False,False,False
Abomination,Male,green,Human / Radiation,No Hair,203.0,Marvel Comics,-,bad,441.0,False,False,False,False,False,False,False,False,False,False,False,False,False,False,False,False
Absorbing Man,Male,blue,Human,No Hair,193.0,Marvel Comics,-,bad,122.0,False,False,False,False,False,False,False,False,False,False,False,False,False,False,False,False
Adam Strange,Male,blue,Human,Blond,185.0,DC Comics,-,good,88.0,False,False,False,False,False,False,False,False,False,False,False,False,False,False,False,False
Agent Bob,Male,brown,Human,Brown,178.0,Marvel Comics,-,good,81.0,False,False,False,False,False,False,False,False,False,False,False,False,False,False,False,False
Agent Zero,Male,-,-,-,191.0,Marvel Comics,-,good,104.0,False,False,False,True,False,False,False,False,False,False,False,False,False,False,False,False
Air-Walker,Male,blue,-,White,188.0,Marvel Comics,-,bad,108.0,False,False,False,False,False,False,False,False,False,False,False,False,False,False,False,False
Ajax,Male,brown,Cyborg,Black,193.0,Marvel Comics,-,bad,90.0,False,False,False,False,False,False,False,False,False,False,False,False,False,False,False,False
Alan Scott,Male,blue,-,Blond,180.0,DC Comics,-,good,90.0,False,True,False,True,False,False,True,False,False,False,False,False,False,False,False,False
Alien,Male,-,Xenomorph XX121,No Hair,244.0,Dark Horse Comics,black,bad,169.0,False,False,False,False,False,False,False,False,False,False,False,False,False,False,False,False
Amazo,Male,red,Android,-,257.0,DC Comics,-,bad,173.0,True,True,False,False,True,False,False,False,False,True,False,True,False,False,False,False
Ammo,Male,brown,Human,Black,188.0,Marvel Comics,-,bad,101.0,False,False,False,False,False,False,False,False,False,False,False,False,False,False,False,False
Angel,Male,blue,-,Blond,183.0,Marvel Comics,-,good,68.0,False,False,False,False,False,False,False,False,False,False,False,False,False,False,False,False
Angel Dust,Female,yellow,Mutant,Black,165.0,Marvel Comics,-,good,57.0,False,False,False,False,False,False,False,False,False,False,False,False,False,False,False,False
Angel Salvadore,Female,brown,-,Black,163.0,Marvel Comics,-,good,54.0,False,False,False,False,False,False,False,False,False,False,False,False,False,False,False,False
Animal Man,Male,blue,Human,Blond,183.0,DC Comics,-,good,83.0,False,False,False,False,False,False,False,False,False,False,False,False,False,False,False,False
Annihilus,Male,green,-,No Hair,180.0,Marvel Comics,-,bad,90.0,False,False,False,False,False,False,False,False,False,False,False,False,False,False,False,False
Ant-Man,Male,blue,Human,Blond,211.0,Marvel Comics,-,good,122.0,False,False,False,False,False,False,False,False,False,False,False,False,False,False,False,False
Ant-Man II,Male,blue,Human,Blond,183.0,Marvel Comics,-,good,86.0,False,False,False,False,False,False,False,True,False,False,False,False,False,False,False,False
Anti-Venom,Male,blue,Symbiote,Blond,229.0,Marvel Comics,-,-,358.0,False,False,False,False,False,False,False,False,False,False,False,False,False,False,False,True
Apocalypse,Male,red,Mutant,Black,213.0,Marvel Comics,grey,bad,135.0,False,True,True,False,False,False,False,False,True,False,False,False,False,False,False,False
Aqualad,Male,blue,Atlantean,Black,178.0,DC Comics,-,good,106.0,True,False,False,True,False,False,False,False,False,True,False,False,False,False,False,False
Aquaman,Male,blue,Atlantean,Blond,185.0,DC Comics,-,good,146.0,True,False,False,False,False,False,False,True,False,True,False,False,False,False,False,False
Arachne,Female,blue,Human,Blond,175.0,Marvel Comics,-,good,63.0,False,False,False,False,False,False,False,False,False,False,False,False,False,False,False,True
Archangel,Male,blue,Mutant,Blond,183.0,Marvel Comics,blue,good,68.0,False,False,False,False,False,False,False,False,False,False,False,False,False,False,False,False
Arclight,Female,violet,-,Purple,173.0,Marvel Comics,-,bad,57.0,False,False,False,False,False,False,False,False,False,False,False,False,False,False,False,False
Ardina,Female,white,Alien,Orange,193.0,Marvel Comics,gold,good,98.0,False,False,False,False,False,False,False,False,False,False,False,False,False,False,False,False
Ares,Male,brown,-,Brown,185.0,Marvel Comics,-,good,270.0,False,False,False,False,False,False,False,False,False,False,False,False,False,False,False,False
Ariel,Female,purple,-,Pink,165.0,Marvel Comics,-,good,59.0,False,True,False,False,False,False,False,False,False,False,False,False,False,False,False,False
Armor,Female,black,-,Black,163.0,Marvel Comics,-,good,50.0,False,False,False,False,False,False,False,False,False,False,False,False,False,False,False,False
Atlas,Male,brown,Mutant,Red,183.0,Marvel Comics,-,good,101.0,False,False,False,False,False,False,False,False,False,False,False,False,False,False,False,False
Atlas,Male,blue,God / Eternal,Brown,198.0,DC Comics,-,bad,126.0,False,False,False,False,False,False,False,False,False,False,False,False,False,False,False,False
Atom,Male,blue,-,Red,178.0,DC Comics,-,good,68.0,False,False,False,False,False,False,False,False,False,False,False,False,False,False,False,False
Atom Girl,Female,black,-,Black,168.0,DC Comics,-,good,54.0,False,False,False,False,False,False,False,False,False,False,False,False,False,False,False,False
Atom II,Male,brown,Human,Auburn,183.0,DC Comics,-,good,81.0,False,False,False,False,False,False,False,False,False,False,False,False,False,False,False,False
Aurora,Female,blue,Mutant,Black,180.0,Marvel Comics,-,good,63.0,False,False,False,False,False,False,False,False,False,False,False,False,False,False,False,False
Azazel,Male,yellow,Neyaphem,Black,183.0,Marvel Comics,red,bad,67.0,False,True,False,False,False,False,False,False,False,False,False,False,False,False,False,False
Bane,Male,-,Human,-,203.0,DC Comics,-,bad,180.0,False,False,False,False,False,False,False,False,False,False,False,False,False,False,False,False
Banshee,Male,green,Human,Strawberry Blond,183.0,Marvel Comics,-,good,77.0,False,False,False,False,False,False,False,False,False,False,False,False,False,False,False,False
Bantam,Male,brown,-,Black,165.0,Marvel Comics,-,good,54.0,False,False,False,False,False,False,False,False,False,False,False,False,False,False,False,False
Batgirl,Female,green,Human,Red,170.0,DC Comics,-,good,57.0,False,False,False,False,False,False,False,False,False,False,False,False,False,False,False,False
Batgirl IV,Female,green,Human,Black,165.0,DC Comics,-,good,52.0,False,False,False,False,False,False,False,False,False,False,False,False,False,False,False,False
Batgirl VI,Female,blue,-,Blond,168.0,DC Comics,-,good,61.0,False,False,False,False,False,False,False,False,False,False,False,False,False,False,False,False
Batman,Male,blue,Human,black,188.0,DC Comics,-,good,95.0,True,False,False,False,False,False,False,False,False,False,False,False,False,False,False,False
Batman,Male,blue,Human,Black,178.0,DC Comics,-,good,77.0,True,False,False,False,False,False,False,False,False,False,False,False,False,False,False,False
Batman II,Male,blue,Human,Black,178.0,DC Comics,-,good,79.0,False,False,False,False,False,False,False,False,False,False,False,False,False,False,False,False
Battlestar,Male,brown,-,Black,198.0,Marvel Comics,-,good,133.0,False,False,False,False,False,False,False,False,False,False,False,False,False,False,False,False
Beak,Male,black,-,White,175.0,Marvel Comics,-,good,63.0,False,False,False,False,False,False,False,False,False,False,False,False,False,False,False,False
Beast,Male,blue,Mutant,Blue,180.0,Marvel Comics,blue,good,181.0,False,False,False,False,False,False,False,False,False,False,False,False,False,False,False,False
Beast Boy,Male,green,Human,Green,173.0,DC Comics,green,good,68.0,False,False,False,False,False,False,False,False,False,False,False,False,False,False,False,False
Beta Ray Bill,Male,-,-,No Hair,201.0,Marvel Comics,-,good,216.0,False,False,False,False,False,False,False,False,False,False,False,False,False,False,False,False
Big Barda,Female,blue,New God,Black,188.0,DC Comics,-,bad,135.0,False,False,False,False,False,False,False,False,False,False,False,False,False,False,False,False
Big Man,Male,blue,-,Brown,165.0,Marvel Comics,-,bad,71.0,False,False,False,False,False,False,False,False,False,False,False,False,False,False,False,False
Binary,Female,blue,-,Blond,180.0,Marvel Comics,-,good,54.0,False,False,False,False,False,False,False,False,False,False,False,False,False,False,False,False
Bishop,Male,brown,Mutant,No Hair,198.0,Marvel Comics,-,good,124.0,False,False,False,False,False,False,False,False,False,False,False,False,False,False,False,False
Bizarro,Male,black,Bizarro,Black,191.0,DC Comics,white,neutral,155.0,False,False,False,False,False,False,True,False,False,False,False,False,False,False,False,False
Black Adam,Male,brown,-,Black,191.0,DC Comics,-,bad,113.0,False,False,True,False,False,False,False,False,False,False,False,False,False,False,False,False
Black Bolt,Male,blue,Inhuman,Black,188.0,Marvel Comics,-,good,95.0,False,False,False,False,False,False,False,False,False,False,False,False,False,False,False,False
Black Canary,Female,blue,Human,Blond,165.0,DC Comics,-,good,58.0,False,False,False,False,False,False,False,False,False,False,False,False,False,False,False,False
Black Canary,Female,blue,Metahuman,Blond,170.0,DC Comics,-,good,59.0,False,False,False,False,False,False,False,False,False,False,False,False,False,False,False,False
Black Cat,Female,green,Human,Blond,178.0,Marvel Comics,-,good,54.0,False,False,False,False,False,False,False,False,False,False,False,False,False,False,False,False
Black Knight III,Male,brown,Human,Brown,183.0,Marvel Comics,-,good,86.0,False,False,False,False,False,False,False,False,False,False,False,False,False,False,False,False
Black Lightning,Male,brown,-,No Hair,185.0,DC Comics,-,good,90.0,False,False,False,False,False,False,False,False,False,False,False,False,False,False,False,False
Black Mamba,Female,green,-,Black,170.0,Marvel Comics,-,bad,52.0,False,False,False,False,False,False,True,False,False,False,False,False,False,False,False,False
Black Manta,Male,black,Human,No Hair,188.0,DC Comics,-,bad,92.0,True,False,False,False,False,False,False,False,False,False,False,False,False,False,False,False
Black Panther,Male,brown,Human,Black,183.0,Marvel Comics,-,good,90.0,False,False,False,False,False,False,False,False,False,False,False,False,False,False,False,False
Black Widow,Female,green,Human,Auburn,170.0,Marvel Comics,-,good,59.0,False,False,False,False,False,False,False,False,False,False,False,False,False,False,False,False
Blackout,Male,red,Demon,White,191.0,Marvel Comics,white,bad,104.0,False,False,False,False,False,False,False,False,False,False,False,False,False,False,False,False
Blackwing,Male,blue,-,Black,185.0,Marvel Comics,-,bad,86.0,False,False,False,False,False,False,False,False,False,False,False,False,False,False,False,False
Blackwulf,Male,red,Alien,White,188.0,Marvel Comics,-,-,88.0,False,False,False,False,False,False,False,False,False,False,False,False,False,False,False,False
Blade,Male,brown,Vampire,Black,188.0,Marvel Comics,-,good,97.0,False,False,False,False,False,False,False,False,False,False,False,False,False,False,False,False
Bling!,Female,-,-,-,168.0,Marvel Comics,-,good,68.0,False,False,False,False,False,False,False,False,False,False,False,False,False,False,False,False
Blink,Female,green,Mutant,Magenta,165.0,Marvel Comics,pink,good,56.0,False,True,False,False,False,False,False,False,False,False,False,False,False,False,False,False
Blizzard II,Male,brown,-,Brown,175.0,Marvel Comics,-,bad,77.0,False,False,False,False,False,False,False,False,False,False,False,False,False,False,False,False
Blob,Male,brown,-,Brown,178.0,Marvel Comics,-,bad,230.0,False,False,False,False,False,False,False,False,False,False,False,False,False,False,False,False
Bloodaxe,Female,blue,Human,Brown,218.0,Marvel Comics,-,bad,495.0,False,True,False,False,True,False,False,False,False,False,False,True,False,False,False,False
Blue Beetle II,Male,blue,-,Brown,183.0,DC Comics,-,good,86.0,False,False,False,False,False,False,False,False,False,False,False,False,False,False,False,False
Boom-Boom,Female,blue,Mutant,Blond,165.0,Marvel Comics,-,good,55.0,False,False,False,True,False,False,False,False,False,False,False,False,False,False,False,False
Booster Gold,Male,blue,Human,Blond,196.0,DC Comics,-,good,97.0,False,False,False,False,False,True,False,False,False,False,False,False,False,False,False,False
Brainiac,Male,green,Android,No Hair,198.0,DC Comics,green,bad,135.0,False,False,True,False,False,False,False,False,False,False,True,False,False,False,False,False
Brainiac 5,Male,green,-,Blond,170.0,DC Comics,-,good,61.0,False,False,False,True,False,False,False,False,False,False,False,False,False,False,False,False
Brother Voodoo,Male,brown,Human,Brown / White,183.0,Marvel Comics,-,good,99.0,False,False,False,False,False,False,False,False,False,False,False,False,False,False,False,False
Buffy,Female,green,Human,Blond,157.0,Dark Horse Comics,-,good,52.0,False,False,False,False,False,False,False,False,False,False,False,False,False,False,False,False
Bullseye,Male,blue,Human,blond,183.0,Marvel Comics,-,bad,90.0,False,False,False,False,False,False,False,False,False,False,False,False,False,False,False,False
Bumblebee,Female,brown,Human,Black,170.0,DC Comics,-,good,59.0,False,False,False,False,False,False,False,False,False,False,False,False,False,False,False,False
Cable,Male,blue,Mutant,White,203.0,Marvel Comics,-,good,158.0,False,True,True,False,False,True,False,False,False,False,False,False,False,False,False,False
Callisto,Female,blue,-,Black,175.0,Marvel Comics,-,bad,74.0,False,False,False,False,False,False,False,False,False,False,False,False,False,False,False,False
Cannonball,Male,blue,-,Blond,183.0,Marvel Comics,-,good,81.0,False,False,False,False,False,False,False,False,False,False,False,False,False,False,False,False
Captain America,Male,blue,Human,blond,188.0,Marvel Comics,-,good,108.0,False,False,False,False,False,False,False,False,False,False,False,False,False,False,False,False
Captain Atom,Male,blue,Human / Radiation,Silver,193.0,DC Comics,silver,good,90.0,False,False,False,False,False,False,False,False,False,False,False,False,False,False,False,False
Captain Britain,Male,blue,Human,Blond,198.0,Marvel Comics,-,good,116.0,False,False,False,False,False,False,False,False,False,False,False,False,False,False,False,False
Captain Marvel,Female,blue,Human-Kree,Blond,180.0,Marvel Comics,-,good,74.0,False,True,False,False,False,True,True,False,True,False,True,False,False,False,False,False
Captain Marvel,Male,blue,Human,Black,193.0,DC Comics,-,good,101.0,False,True,False,False,False,True,True,False,True,False,True,False,False,False,False,False
Captain Marvel II,Male,blue,Human,Black,175.0,DC Comics,-,good,74.0,False,False,False,False,False,False,True,False,False,False,True,False,False,False,False,False
Carnage,Male,green,Symbiote,Red,185.0,Marvel Comics,-,bad,86.0,False,False,False,False,False,False,False,False,False,False,False,False,False,False,False,True
Cat,Female,blue,-,Blond,173.0,Marvel Comics,-,good,61.0,False,False,False,False,False,False,False,False,False,False,False,False,False,False,False,False
Catwoman,Female,green,Human,Black,175.0,DC Comics,-,good,61.0,False,False,False,False,False,False,False,False,False,False,False,False,False,False,False,False
Century,Male,white,Alien,White,201.0,Marvel Comics,grey,good,97.0,False,True,False,False,False,False,False,False,False,False,False,False,False,False,False,False
Chamber,Male,brown,Mutant,Brown,175.0,Marvel Comics,-,good,63.0,False,False,False,True,False,False,False,False,False,False,False,False,False,False,False,False
Changeling,Male,brown,-,Black,180.0,Marvel Comics,-,bad,81.0,False,False,True,False,False,False,False,False,False,False,False,False,False,False,False,False
Cheetah,Female,green,Human,Blond,163.0,DC Comics,-,bad,50.0,False,False,False,False,False,False,False,False,False,False,False,False,False,False,False,False
Cheetah II,Female,green,Human,Brown,170.0,DC Comics,-,bad,55.0,False,False,False,False,False,False,False,False,False,False,False,False,False,False,False,False
Cheetah III,Female,brown,Human,Brown,175.0,DC Comics,-,bad,54.0,False,False,False,False,False,False,False,True,False,False,False,False,False,False,False,False
Chromos,Male,brown,-,Red / Grey,185.0,Team Epic TV,-,bad,86.0,False,True,False,True,True,False,False,False,False,False,False,False,False,False,False,False
Citizen Steel,Male,green,Human,Red,183.0,DC Comics,-,good,170.0,False,False,False,False,False,False,False,False,False,False,False,False,False,False,False,False
Cloak,Male,brown,-,black,226.0,Marvel Comics,-,good,70.0,False,True,False,False,False,False,False,False,False,False,False,False,False,False,False,False
Colossus,Male,silver,Mutant,Black,226.0,Marvel Comics,-,good,225.0,False,False,False,False,False,False,False,False,False,False,False,False,False,False,False,False
Copycat,Female,red,Mutant,White,183.0,Marvel Comics,blue,neutral,67.0,False,False,False,False,False,False,False,False,False,False,False,False,False,False,False,False
Cottonmouth,Male,brown,Human,Black,183.0,Marvel Comics,-,bad,99.0,False,False,False,False,False,False,False,False,False,False,False,False,False,False,False,False
Crimson Dynamo,Male,brown,-,No Hair,180.0,Marvel Comics,-,good,104.0,False,False,False,False,False,False,False,False,False,False,False,False,False,False,False,False
Crystal,Female,green,Inhuman,Red,168.0,Marvel Comics,-,good,50.0,False,False,False,False,True,False,False,False,False,True,False,False,True,False,False,False
Cyborg,Male,brown,Cyborg,Black,198.0,DC Comics,-,good,173.0,False,False,False,False,False,False,False,False,False,False,False,False,False,False,False,False
Cyclops,Male,brown,Mutant,Brown,191.0,Marvel Comics,-,good,88.0,False,False,False,True,False,False,False,False,False,False,False,False,False,False,False,False
Dagger,Female,blue,-,Blond,165.0,Marvel Comics,-,good,52.0,False,False,False,False,False,False,False,False,False,False,False,False,False,False,False,False
Daredevil,Male,blue,Human,Red,183.0,Marvel Comics,-,good,90.0,False,False,False,False,False,False,False,False,False,False,False,False,False,False,False,False
Darkhawk,Male,brown,Human,Brown,185.0,Marvel Comics,-,good,81.0,False,False,False,False,False,False,False,False,False,False,False,False,False,False,False,False
Darkseid,Male,red,New God,No Hair,267.0,DC Comics,grey,bad,817.0,False,True,True,True,False,False,False,False,True,False,False,False,False,True,False,False
Darkstar,Female,brown,Mutant,Blond,168.0,Marvel Comics,-,good,56.0,False,True,False,False,False,False,False,False,False,False,False,False,False,False,False,False
Darth Vader,Male,yellow,Cyborg,No Hair,198.0,George Lucas,-,bad,135.0,False,False,True,False,False,True,True,False,False,False,False,False,False,False,False,False
Dash,Male,blue,Human,Blond,122.0,Dark Horse Comics,-,good,27.0,False,False,False,False,False,False,False,False,False,False,False,False,False,False,False,False
Dazzler,Female,blue,Mutant,Blond,173.0,Marvel Comics,-,good,52.0,False,False,False,True,False,False,False,False,True,False,False,False,False,True,False,False
Deadman,Male,blue,Human,Black,183.0,DC Comics,-,good,90.0,False,True,False,False,False,False,False,False,True,False,False,False,False,False,False,False
Deadpool,Male,brown,Mutant,No Hair,188.0,Marvel Comics,-,neutral,95.0,False,True,False,False,False,False,False,False,False,False,False,False,False,False,False,False
Deadshot,Male,brown,Human,Brown,185.0,DC Comics,-,bad,91.0,False,False,False,False,False,False,False,False,False,False,False,False,False,False,False,False
Deathlok,Male,brown,Cyborg,Grey,193.0,Marvel Comics,-,good,178.0,False,False,False,False,False,False,False,False,False,False,False,False,False,False,False,False
Deathstroke,Male,blue,Human,White,193.0,DC Comics,-,neutral,101.0,False,False,False,False,False,False,False,False,False,False,False,False,False,False,False,False
Demogoblin,Male,red,Demon,No Hair,185.0,Marvel Comics,-,bad,95.0,False,False,False,False,False,False,False,False,False,False,False,False,False,False,False,False
Destroyer,Male,-,-,-,188.0,Marvel Comics,-,bad,383.0,False,False,False,False,False,False,False,False,True,False,False,False,False,False,False,False
Diamondback,Male,brown,Human,Black,193.0,Marvel Comics,-,bad,90.0,False,False,False,False,False,False,False,False,False,False,False,False,False,False,False,False
Doc Samson,Male,blue,Human / Radiation,Green,198.0,Marvel Comics,-,good,171.0,False,False,False,False,False,False,False,False,False,False,False,False,False,False,False,False
Doctor Doom,Male,brown,Human,Brown,201.0,Marvel Comics,-,bad,187.0,False,True,False,False,False,False,False,False,False,False,False,False,False,False,False,False
Doctor Doom II,Male,brown,-,Brown,201.0,Marvel Comics,-,bad,132.0,False,False,False,False,False,False,False,False,False,False,False,False,False,False,False,False
Doctor Fate,Male,blue,Human,Blond,188.0,DC Comics,-,good,89.0,False,True,True,False,False,False,False,False,False,False,False,True,False,True,False,False
Doctor Octopus,Male,brown,Human,Brown,175.0,Marvel Comics,-,bad,110.0,False,False,False,False,False,False,False,False,False,False,False,False,False,False,False,False
Doctor Strange,Male,grey,Human,Black,188.0,Marvel Comics,-,good,81.0,False,True,True,False,False,False,True,False,False,False,False,False,False,False,False,False
Domino,Female,blue,Human,Black,173.0,Marvel Comics,white,good,54.0,False,False,False,False,False,False,False,False,False,False,False,False,False,False,False,False
Donna Troy,Female,blue,Amazon,Black,175.0,DC Comics,-,good,63.0,False,False,False,False,False,False,False,False,False,False,False,False,False,False,False,False
Doomsday,Male,red,Alien,White,244.0,DC Comics,-,bad,412.0,False,False,False,False,False,False,False,False,False,False,False,False,False,True,False,False
Doppelganger,Male,white,-,No Hair,196.0,Marvel Comics,-,bad,104.0,False,False,False,False,False,False,False,False,False,False,False,False,False,False,False,False
Drax the Destroyer,Male,red,Human / Altered,No Hair,193.0,Marvel Comics,green,good,306.0,False,False,False,False,False,False,False,False,False,False,False,False,False,False,False,False
Elastigirl,Female,brown,Human,Brown,168.0,Dark Horse Comics,-,good,56.0,False,False,False,False,False,False,False,False,False,False,False,False,False,False,False,False
Electro,Male,blue,Human,Auburn,180.0,Marvel Comics,-,bad,74.0,False,False,False,False,False,False,False,False,False,False,False,False,False,False,False,False
Elektra,Female,blue,Human,Black,175.0,Marvel Comics,-,good,59.0,False,False,False,False,False,False,True,False,False,False,False,False,False,False,False,False
Elongated Man,Male,blue,-,Red,185.0,DC Comics,-,good,80.0,False,False,False,False,False,False,False,False,False,False,False,False,False,False,False,False
Emma Frost,Female,blue,-,Blond,178.0,Marvel Comics,-,good,65.0,False,False,False,False,False,False,False,False,False,False,False,False,False,False,False,False
Enchantress,Female,blue,Human,Blond,168.0,DC Comics,-,good,57.0,False,True,False,False,True,False,False,False,False,False,False,False,False,False,False,False
Etrigan,Male,red,Demon,No Hair,193.0,DC Comics,yellow,neutral,203.0,False,False,False,False,False,True,False,False,False,False,False,False,False,False,False,False
Evil Deadpool,Male,white,Mutant,Red,188.0,Marvel Comics,-,bad,95.0,False,True,False,False,False,False,False,False,False,False,False,False,False,False,False,False
Evilhawk,Male,red,Alien,Black,191.0,Marvel Comics,green,bad,106.0,False,False,False,False,False,False,False,False,False,False,False,False,False,False,False,False
Exodus,Male,blue,Mutant,Black,183.0,Marvel Comics,red,bad,88.0,False,True,True,False,False,False,False,False,False,False,False,False,False,True,False,False
Fabian Cortez,-,blue,-,Brown,196.0,Marvel Comics,-,bad,96.0,False,False,False,False,False,False,False,False,False,False,False,False,False,False,False,False
Falcon,Male,brown,Human,Black,188.0,Marvel Comics,-,good,108.0,False,False,False,False,False,False,False,False,False,False,False,False,False,False,False,False
Feral,-,yellow (without irises),-,Orange / White,175.0,Marvel Comics,-,good,50.0,False,False,False,False,False,False,False,False,False,False,False,False,False,False,False,False
Fin Fang Foom,Male,red,Kakarantharaian,No Hair,975.0,Marvel Comics,green,good,18.0,False,False,False,False,False,False,False,False,False,False,False,False,False,False,False,False
Firebird,Female,brown,-,Black,165.0,Marvel Comics,-,good,56.0,False,False,False,False,True,False,False,False,False,False,False,False,False,False,False,False
Firelord,-,white,-,Yellow,193.0,Marvel Comics,-,good,99.0,False,False,False,False,True,False,False,False,False,False,False,False,False,False,False,False
Firestar,Female,green,Mutant,Red,173.0,Marvel Comics,-,good,56.0,False,False,False,False,False,False,False,False,False,False,False,False,False,False,False,False
Firestorm,Male,blue,Human,Auburn,188.0,DC Comics,-,good,91.0,False,False,False,False,True,False,False,False,False,False,False,False,False,False,False,False
Flash,Male,blue,Human,Brown / White,180.0,DC Comics,-,good,81.0,False,False,False,False,False,False,False,False,False,False,False,False,False,False,False,False
Flash II,Male,blue,Human,Blond,183.0,DC Comics,-,good,88.0,False,False,False,False,False,False,False,False,False,False,False,False,False,False,False,False
Flash III,Male,-,Human,-,183.0,DC Comics,-,good,86.0,False,False,False,False,False,False,False,False,False,False,False,False,False,False,False,False
Flash IV,Male,yellow,Human,Auburn,157.0,DC Comics,-,good,52.0,False,False,False,False,False,False,False,False,False,False,False,False,False,False,False,False
Forge,-,brown,-,Black,183.0,Marvel Comics,-,good,81.0,False,False,False,False,False,False,False,False,False,False,False,False,False,False,False,False
Franklin Richards,Male,blue,Mutant,Blond,142.0,Marvel Comics,-,good,45.0,False,True,True,False,False,True,False,False,False,False,False,False,False,False,False,False
Frenzy,Female,brown,-,Black,211.0,Marvel Comics,-,bad,104.0,False,False,False,False,False,False,False,False,False,False,False,False,False,False,False,False
Frigga,Female,blue,-,White,180.0,Marvel Comics,-,good,167.0,False,False,False,False,False,False,False,False,False,False,False,False,False,False,False,False
Galactus,Male,black,Cosmic Entity,Black,876.0,Marvel Comics,-,neutral,16.0,False,True,True,True,False,False,False,False,True,False,False,False,False,True,False,False
Gambit,Male,red,Mutant,Brown,185.0,Marvel Comics,-,good,81.0,False,False,True,False,False,False,False,False,False,False,False,False,False,False,False,False
Gamora,Female,yellow,Zen-Whoberian,Black,183.0,Marvel Comics,green,good,77.0,False,False,False,False,False,False,False,False,False,False,False,False,False,False,False,False
Genesis,Male,blue,-,Blond,185.0,Marvel Comics,-,good,86.0,False,False,False,False,False,False,False,False,False,False,False,False,False,False,False,False
Ghost Rider,Male,red,Demon,No Hair,188.0,Marvel Comics,-,good,99.0,False,False,False,False,True,False,False,False,False,False,False,False,False,False,False,False
Giganta,Female,green,-,Red,62.5,DC Comics,-,bad,630.0,False,False,False,False,False,False,False,False,False,False,False,False,False,False,False,False
Gladiator,Male,blue,Strontian,Blue,198.0,Marvel Comics,purple,neutral,268.0,False,False,False,False,False,False,False,False,False,False,False,False,False,False,False,False
Goblin Queen,Female,green,-,Red,168.0,Marvel Comics,-,bad,50.0,False,False,True,False,False,False,False,False,False,False,False,False,False,False,False,False
Goku,Male,-,Saiyan,-,175.0,Shueisha,-,good,62.0,False,True,False,False,False,False,False,False,True,False,False,False,False,False,False,False
Goliath IV,Male,brown,-,Black,183.0,Marvel Comics,-,good,90.0,False,False,False,False,False,False,False,False,False,False,False,False,False,False,False,False
Gorilla Grodd,Male,yellow,Gorilla,Black,198.0,DC Comics,-,bad,270.0,False,False,True,False,False,False,False,True,False,False,False,False,False,False,False,False
Granny Goodness,Female,blue,-,White,178.0,DC Comics,-,bad,115.0,False,False,False,False,False,False,False,False,False,False,False,False,False,False,False,False
Gravity,Male,blue,Human,Brown,178.0,Marvel Comics,-,good,79.0,False,False,False,False,False,False,False,False,False,False,False,False,False,False,False,False
Green Arrow,Male,green,Human,Blond,188.0,DC Comics,-,good,88.0,False,False,False,False,False,False,False,False,False,False,False,False,False,False,False,False
Green Goblin,Male,blue,Human,Auburn,180.0,Marvel Comics,-,bad,83.0,False,False,False,False,False,False,False,False,False,False,False,False,False,False,False,False
Green Goblin II,Male,blue,-,Auburn,178.0,Marvel Comics,-,bad,77.0,False,False,False,False,False,False,False,False,False,False,False,False,False,False,False,False
Green Goblin III,Male,-,-,-,183.0,Marvel Comics,-,good,88.0,False,False,False,False,False,False,False,False,False,False,False,False,False,False,False,False
Green Goblin IV,Male,green,-,Brown,178.0,Marvel Comics,-,good,79.0,False,False,False,False,False,False,False,False,False,False,False,False,False,False,False,False
Groot,Male,yellow,Flora Colossus,-,701.0,Marvel Comics,-,good,4.0,False,False,False,False,False,False,False,False,False,False,False,False,False,True,False,False
Guy Gardner,Male,blue,Human-Vuldarian,Red,188.0,DC Comics,-,good,95.0,False,False,False,True,False,False,False,False,False,False,False,False,False,False,False,False
Hal Jordan,Male,brown,Human,Brown,188.0,DC Comics,-,good,90.0,False,False,False,True,False,False,False,False,False,False,False,False,False,False,False,False
Han Solo,Male,brown,Human,Brown,183.0,George Lucas,-,good,79.0,False,False,False,False,False,False,False,False,False,False,False,False,False,False,False,False
Harley Quinn,Female,blue,Human,Blond,170.0,DC Comics,-,bad,63.0,False,False,False,False,False,False,False,False,False,False,False,False,False,False,False,False
Havok,Male,blue,Mutant,Blond,183.0,Marvel Comics,-,good,79.0,False,False,False,False,False,False,False,False,False,False,False,False,False,False,False,False
Hawk,Male,red,-,Brown,185.0,DC Comics,-,good,89.0,False,False,False,False,False,False,False,False,False,False,False,False,False,False,False,False
Hawkeye,Male,blue,Human,Blond,191.0,Marvel Comics,-,good,104.0,False,False,False,False,False,False,False,False,False,False,False,False,False,False,False,False
Hawkeye II,Female,blue,Human,Black,165.0,Marvel Comics,-,good,57.0,False,False,False,False,False,False,False,False,False,False,False,False,False,False,False,False
Hawkgirl,Female,green,-,Red,175.0,DC Comics,-,good,61.0,False,False,False,False,False,False,False,False,False,False,False,False,False,False,False,False
Hawkman,Male,blue,-,Brown,185.0,DC Comics,-,good,88.0,False,False,False,False,False,False,False,False,False,False,False,False,False,False,False,False
Heat Wave,Male,blue,Human,No Hair,180.0,DC Comics,-,bad,81.0,False,False,False,False,False,False,False,False,False,False,False,False,False,False,False,False
Hela,Female,green,Asgardian,Black,213.0,Marvel Comics,-,bad,225.0,False,True,False,False,False,False,False,False,False,False,True,False,False,False,False,False
Hellboy,Male,gold,Demon,Black,259.0,Dark Horse Comics,-,good,158.0,False,False,False,False,False,False,False,False,False,False,False,False,False,False,False,False
Hellcat,Female,blue,Human,Red,173.0,Marvel Comics,-,good,61.0,False,False,False,False,False,False,False,False,False,False,False,False,False,False,False,False
Hellstorm,Male,red,-,Red,185.0,Marvel Comics,-,good,81.0,False,True,False,False,True,False,False,False,False,False,False,False,False,False,False,False
Hercules,Male,blue,Demi-God,Brown,196.0,Marvel Comics,-,good,146.0,False,False,False,False,False,False,False,False,False,False,False,False,False,False,False,False
Hobgoblin,Male,blue,-,Grey,180.0,Marvel Comics,-,bad,83.0,False,False,False,False,False,False,False,False,False,False,False,False,False,False,False,False
Hope Summers,Female,green,-,Red,168.0,Marvel Comics,-,good,48.0,False,False,True,False,False,False,False,False,False,False,False,False,False,False,False,False
Hulk,Male,green,Human / Radiation,Green,244.0,Marvel Comics,green,good,630.0,False,False,False,False,False,False,False,False,False,False,False,False,False,False,False,False
Human Torch,Male,blue,Human / Radiation,Blond,178.0,Marvel Comics,-,good,77.0,False,False,False,False,True,False,False,False,False,False,False,False,False,False,False,False
Huntress,Female,blue,-,Black,180.0,DC Comics,-,good,59.0,False,False,False,False,False,False,False,False,False,False,False,False,False,False,False,False
Husk,Female,blue,Mutant,Blond,170.0,Marvel Comics,-,good,58.0,False,False,False,False,False,False,False,False,False,False,False,False,False,False,False,False
Hybrid,Male,brown,Symbiote,Black,175.0,Marvel Comics,-,good,77.0,False,False,False,False,False,False,False,False,False,False,False,False,False,False,False,True
Hydro-Man,Male,brown,-,Brown,188.0,Marvel Comics,-,bad,119.0,True,False,False,False,False,False,False,False,False,True,False,False,False,False,False,False
Hyperion,Male,blue,Eternal,Red,183.0,Marvel Comics,-,good,207.0,False,False,False,True,False,False,False,False,False,False,False,False,False,False,False,False
Iceman,Male,brown,Mutant,Brown,173.0,Marvel Comics,-,good,65.0,False,False,False,False,False,False,False,False,False,True,False,False,False,False,False,False
Impulse,Male,yellow,Human,Auburn,170.0,DC Comics,-,good,65.0,False,False,False,False,False,False,False,False,False,False,False,False,False,False,False,False
Indiana Jones,Male,-,Human,-,183.0,George Lucas,-,good,79.0,False,False,False,False,False,False,False,False,False,False,False,False,False,False,False,False
Ink,Male,blue,Mutant,No Hair,180.0,Marvel Comics,-,good,81.0,False,False,False,False,False,False,False,False,False,False,False,False,False,False,False,False
Invisible Woman,Female,blue,Human / Radiation,Blond,168.0,Marvel Comics,-,good,54.0,False,False,False,False,False,False,False,False,True,False,False,False,False,False,False,False
Iron Fist,Male,blue,Human,Blond,180.0,Marvel Comics,-,good,79.0,False,False,False,False,False,False,False,False,False,False,False,False,False,False,False,False
Iron Man,Male,blue,Human,Black,198.0,Marvel Comics,-,good,191.0,True,False,False,True,False,False,False,False,False,False,False,True,False,False,False,False
Jack of Hearts,Male,blue / white,Human,Brown,155.0,Marvel Comics,-,good,79.0,False,False,False,False,False,False,False,False,False,False,False,False,False,False,False,False
Jack-Jack,Male,blue,Human,Brown,71.0,Dark Horse Comics,-,good,14.0,False,True,True,False,False,False,False,False,True,False,False,False,False,False,False,False
James T. Kirk,Male,hazel,Human,Brown,178.0,Star Trek,-,good,77.0,False,False,False,False,False,False,False,False,False,False,False,False,False,False,False,False
Jean Grey,Female,green,Mutant,Red,168.0,Marvel Comics,-,good,52.0,False,False,True,False,False,False,False,False,True,False,False,False,False,False,False,False
Jennifer Kale,Female,blue,-,Blond,168.0,Marvel Comics,-,good,55.0,False,False,False,False,False,False,False,False,False,False,False,False,False,False,False,False
Jessica Jones,Female,brown,Human,Brown,170.0,Marvel Comics,-,good,56.0,False,False,False,False,False,False,False,False,False,False,False,False,False,False,False,False
John Stewart,Male,green,Human,Black,185.0,DC Comics,-,good,90.0,False,False,False,True,False,False,False,False,False,False,False,False,False,False,False,False
John Wraith,Male,brown,-,Black,183.0,Marvel Comics,-,good,88.0,False,True,False,False,False,False,False,False,False,False,False,False,False,False,False,False
Joker,Male,green,Human,Green,196.0,DC Comics,white,bad,86.0,False,False,False,False,False,False,False,False,False,False,False,False,False,False,False,False
Jolt,Female,blue,-,Black,165.0,Marvel Comics,-,good,49.0,False,False,False,False,False,False,False,False,False,False,False,False,False,False,False,False
Jubilee,Female,red,Mutant,Black,165.0,Marvel Comics,-,good,52.0,False,False,False,False,False,False,False,False,False,False,False,False,False,False,False,False
Juggernaut,Male,blue,Human,Red,287.0,Marvel Comics,-,neutral,855.0,False,False,False,False,False,False,False,False,False,False,False,False,False,False,False,False
Justice,Male,hazel,Human,Brown,178.0,Marvel Comics,-,good,81.0,False,False,True,False,False,False,False,False,False,False,False,False,False,False,False,False
Kang,Male,brown,-,Brown,191.0,Marvel Comics,-,bad,104.0,False,False,False,False,False,False,False,False,True,False,False,False,False,False,False,False
Karate Kid,Male,brown,Human,Brown,173.0,DC Comics,-,good,72.0,False,False,False,False,False,False,False,False,False,False,False,False,False,False,False,False
Killer Croc,Male,red,Metahuman,No Hair,244.0,DC Comics,green,bad,356.0,False,False,False,False,False,False,False,False,False,False,False,False,False,False,False,False
Kilowog,Male,red,Bolovaxian,No Hair,234.0,DC Comics,pink,good,324.0,True,False,False,False,False,False,False,False,False,False,False,False,False,False,False,False
Klaw,Male,red,Human,No Hair,188.0,Marvel Comics,red,bad,97.0,False,False,False,False,False,False,False,False,False,False,False,False,False,False,False,False
Kraven II,Male,brown,Human,Black,191.0,Marvel Comics,-,bad,99.0,False,False,False,False,False,False,False,False,False,False,False,False,False,False,False,False
Kraven the Hunter,Male,brown,Human,Black,183.0,Marvel Comics,-,bad,106.0,False,False,False,False,False,False,False,False,False,False,False,False,False,False,False,False
Krypto,Male,blue,Kryptonian,White,64.0,DC Comics,-,good,18.0,False,False,False,False,False,False,False,False,False,False,False,False,False,False,False,False
Kyle Rayner,Male,green,Human,Black,180.0,DC Comics,-,good,79.0,False,False,False,True,False,False,False,False,False,False,True,False,False,False,False,False
Lady Deathstrike,Female,brown,Cyborg,Black,175.0,Marvel Comics,-,bad,58.0,False,False,False,False,False,False,False,False,False,False,False,False,False,False,False,False
Leader,Male,green,-,No Hair,178.0,Marvel Comics,-,bad,63.0,False,False,True,False,False,False,False,False,False,False,False,False,False,False,False,False
Legion,Male,green / blue,Mutant,Black,175.0,Marvel Comics,-,good,59.0,False,True,True,False,True,False,False,False,True,False,False,False,False,False,False,False
Lex Luthor,Male,green,Human,No Hair,188.0,DC Comics,-,bad,95.0,False,False,False,True,False,False,False,False,False,False,False,False,False,False,False,False
Light Lass,Female,blue,-,Red,165.0,DC Comics,-,good,54.0,False,False,False,False,False,False,False,False,False,False,False,False,False,False,False,False
Lightning Lad,Male,blue,-,Red,155.0,DC Comics,-,good,65.0,False,False,False,False,False,False,False,False,False,False,False,False,False,False,False,False
Lightning Lord,Male,blue,-,Red,191.0,DC Comics,-,bad,95.0,False,False,False,False,False,False,False,False,False,False,False,False,False,False,False,False
Living Brain,-,yellow,-,-,198.0,Marvel Comics,-,bad,360.0,False,False,False,False,False,False,False,False,False,False,False,False,False,False,False,False
Lizard,Male,red,Human,No Hair,203.0,Marvel Comics,-,bad,230.0,False,False,False,False,False,False,False,False,False,False,False,False,False,False,False,False
Lobo,Male,red,Czarnian,Black,229.0,DC Comics,blue-white,neutral,288.0,False,False,False,False,False,False,False,False,False,False,True,False,False,False,False,False
Loki,Male,green,Asgardian,Black,193.0,Marvel Comics,-,bad,236.0,False,False,False,True,False,False,False,False,False,False,True,False,False,False,False,False
Longshot,Male,blue,Human,Blond,188.0,Marvel Comics,-,good,36.0,False,False,False,False,False,False,False,False,False,False,False,False,False,False,False,False
Luke Cage,Male,brown,Human,Black,198.0,Marvel Comics,-,good,191.0,False,False,False,False,False,False,False,False,False,False,False,False,False,False,False,False
Luke Skywalker,Male,blue,Human,Blond,168.0,George Lucas,-,good,77.0,False,False,True,False,False,True,True,False,False,False,False,False,False,False,False,False
Mach-IV,Male,brown,-,Brown,180.0,Marvel Comics,-,bad,79.0,False,False,False,False,False,False,False,False,False,False,False,False,False,False,False,False
Machine Man,-,red,-,Black,183.0,Marvel Comics,-,good,383.0,False,False,False,False,False,False,False,False,False,False,False,False,False,False,False,False
Magneto,Male,grey,Mutant,White,188.0,Marvel Comics,-,bad,86.0,False,False,False,True,False,False,False,False,False,False,False,True,False,False,False,False
Man-Thing,Male,red,-,No Hair,213.0,Marvel Comics,green,good,225.0,True,False,False,False,False,False,False,False,False,False,False,False,False,False,False,False
Man-Wolf,Male,brown,-,Auburn,188.0,Marvel Comics,-,good,90.0,False,False,False,False,False,False,False,False,False,False,False,False,False,False,False,False
Mandarin,Male,blue,Human,White,188.0,Marvel Comics,-,bad,97.0,False,False,False,True,False,False,False,False,True,False,False,False,False,False,False,False
Mantis,Female,green,Human-Kree,Black,168.0,Marvel Comics,green,good,52.0,False,False,True,False,True,True,False,False,False,False,False,False,False,False,False,False
Martian Manhunter,Male,red,Martian,No Hair,201.0,DC Comics,green,good,135.0,False,False,True,False,False,False,False,False,False,False,False,False,False,False,False,False
Marvel Girl,Female,green,-,Red,170.0,Marvel Comics,-,good,56.0,False,False,True,False,True,False,False,False,False,False,False,False,False,False,False,False
Master Brood,Male,blue,-,Black,183.0,Team Epic TV,-,good,81.0,False,False,False,False,False,False,False,False,False,False,False,False,False,False,False,False
Maverick,Male,blue,-,Black,193.0,Marvel Comics,-,good,110.0,False,False,False,False,False,False,False,False,False,False,False,False,False,False,False,False
Maxima,Female,brown,-,Red,180.0,DC Comics,-,bad,72.0,False,False,True,False,False,False,False,False,False,False,False,False,False,False,False,False
Medusa,Female,green,Inhuman,Red,180.0,Marvel Comics,-,good,59.0,False,False,True,False,False,False,False,False,False,False,False,False,False,False,False,False
Meltdown,Female,blue,-,Blond,165.0,Marvel Comics,-,good,54.0,False,False,False,True,False,False,False,False,False,False,False,False,False,False,False,False
Mephisto,Male,white,-,Black,198.0,Marvel Comics,-,bad,140.0,False,False,False,False,False,False,False,False,False,False,False,False,False,False,False,False
Mera,Female,blue,Atlantean,Red,175.0,DC Comics,-,good,72.0,True,False,False,False,False,False,False,False,False,True,False,False,False,False,False,False
Metallo,Male,green,Android,Brown,196.0,DC Comics,-,bad,90.0,False,False,False,True,False,False,False,False,False,False,False,False,False,False,False,False
Metamorpho,Male,black,-,No Hair,185.0,DC Comics,-,good,90.0,False,False,False,False,False,False,False,False,False,False,False,False,False,False,False,False
Metron,Male,blue,-,Black,185.0,DC Comics,-,good,86.0,False,True,False,False,False,False,False,False,False,False,False,False,False,False,False,False
Micro Lad,Male,grey,-,Brown,183.0,DC Comics,-,good,77.0,False,False,False,False,False,False,False,False,False,False,False,False,False,False,False,False
Mimic,Male,brown,-,Brown,188.0,Marvel Comics,-,good,101.0,False,False,True,False,False,False,False,False,False,False,False,False,False,False,False,False
Miss Martian,Female,red,-,Red,178.0,DC Comics,-,good,61.0,False,False,True,False,False,False,False,False,False,False,False,False,False,False,False,False
Mister Fantastic,Male,brown,Human / Radiation,Brown,185.0,Marvel Comics,-,good,81.0,False,False,False,False,False,False,False,False,False,False,False,False,False,False,False,False
Mister Freeze,Male,-,Human,-,183.0,DC Comics,-,bad,86.0,False,False,False,False,False,False,False,False,False,False,False,False,False,False,False,False
Mister Sinister,Male,red,Human / Altered,Black,196.0,Marvel Comics,-,bad,128.0,False,True,True,False,False,False,False,False,False,False,False,False,False,False,False,False
Mockingbird,Female,blue,Human,Blond,175.0,Marvel Comics,-,good,61.0,False,False,False,False,False,False,False,False,False,False,False,False,False,False,False,False
MODOK,Male,white,Cyborg,Brownn,366.0,Marvel Comics,-,bad,338.0,False,False,True,False,False,False,False,False,True,False,False,False,False,False,False,False
Molten Man,Male,gold,-,Gold,196.0,Marvel Comics,-,bad,248.0,False,False,False,False,False,False,False,False,False,False,False,False,False,False,False,False
Monarch,Male,blue,-,White,193.0,DC Comics,-,good,90.0,False,False,False,False,False,False,False,False,False,False,False,False,False,False,False,False
Moon Knight,Male,brown,Human,Brown,188.0,Marvel Comics,-,good,101.0,False,False,False,False,False,False,False,False,False,False,False,False,False,False,False,False
Moonstone,Female,blue,-,Blond,180.0,Marvel Comics,-,bad,59.0,False,False,False,False,False,False,False,False,False,False,False,False,False,False,False,False
Morlun,Male,white / red,-,Black,188.0,Marvel Comics,-,bad,79.0,False,False,False,False,False,False,False,False,False,False,False,False,False,False,False,False
Moses Magnum,Male,brown,-,Black,175.0,Marvel Comics,-,bad,72.0,False,False,False,False,False,False,False,False,False,False,False,False,False,False,False,False
Mr Immortal,Male,blue,Mutant,Blond,188.0,Marvel Comics,-,good,70.0,False,False,False,False,False,False,False,False,False,False,False,False,False,False,False,False
Mr Incredible,Male,blue,Human,Blond,201.0,Dark Horse Comics,-,good,158.0,False,False,False,False,False,False,False,False,False,False,False,False,False,False,False,False
Ms Marvel II,Female,blue,-,Red,173.0,Marvel Comics,-,good,61.0,False,False,False,False,False,False,False,False,False,False,False,False,False,False,False,False
Multiple Man,Male,blue,-,Brown,180.0,Marvel Comics,-,good,70.0,False,False,False,False,False,False,False,False,False,False,False,False,False,False,False,False
Mysterio,Male,brown,Human,No Hair,180.0,Marvel Comics,-,bad,79.0,False,False,False,False,False,False,True,False,False,False,False,False,False,False,False,True
Mystique,Female,yellow (without irises),Mutant,Red / Orange,178.0,Marvel Comics,blue,bad,54.0,False,False,False,False,False,False,False,False,False,False,False,False,False,False,False,False
Namor,Male,grey,Atlantean,Black,188.0,Marvel Comics,-,good,125.0,True,False,False,False,False,False,False,True,False,False,False,False,False,False,False,False
Namora,Female,blue,-,Blond,180.0,Marvel Comics,-,good,85.0,True,False,False,False,False,False,False,False,False,False,False,False,False,False,False,False
Namorita,Female,blue,-,Blond,168.0,Marvel Comics,-,good,101.0,False,False,False,False,False,False,False,False,False,False,False,False,False,False,False,False
Naruto Uzumaki,Male,-,Human,-,168.0,Shueisha,-,good,54.0,False,True,False,False,True,False,False,False,False,False,False,False,False,False,True,False
Nebula,Female,blue,Luphomoid,No Hair,185.0,Marvel Comics,blue,bad,83.0,False,False,False,False,False,False,False,False,False,False,False,False,False,False,False,False
Nick Fury,Male,brown,Human,Brown / White,185.0,Marvel Comics,-,good,99.0,False,False,False,False,False,False,False,False,False,False,False,False,False,False,False,False
Nightcrawler,Male,yellow,-,Indigo,175.0,Marvel Comics,-,good,88.0,False,True,False,False,False,False,False,False,False,False,False,False,False,False,False,False
Nightwing,Male,blue,Human,Black,178.0,DC Comics,-,good,79.0,False,False,False,False,False,False,False,False,False,False,False,False,False,False,False,False
Northstar,Male,blue,-,Black,180.0,Marvel Comics,-,good,83.0,False,False,False,False,False,False,False,False,False,False,False,False,False,False,False,False
Nova,Male,brown,Human,Brown,185.0,Marvel Comics,-,good,86.0,False,False,False,True,True,False,False,False,False,False,False,False,False,False,False,False
Nova,Female,white,Human / Cosmic,Red,163.0,Marvel Comics,gold,good,59.0,False,False,False,True,True,False,False,False,False,False,False,False,False,False,False,False
Odin,Male,blue,God / Eternal,White,206.0,Marvel Comics,-,good,293.0,False,True,True,False,False,True,False,False,False,False,True,False,False,False,True,False
Omniscient,Male,brown,-,Black,180.0,Team Epic TV,-,good,65.0,False,True,False,False,False,False,False,False,False,False,False,False,False,False,False,False
One Punch Man,Male,-,Human,No Hair,175.0,Shueisha,-,good,69.0,False,False,False,False,False,False,False,False,False,False,False,False,False,False,False,False
Onslaught,Male,red,Mutant,No Hair,305.0,Marvel Comics,-,bad,405.0,False,False,True,False,False,False,False,False,False,False,False,True,False,False,False,False
Oracle,Female,blue,Human,Red,178.0,DC Comics,-,good,59.0,False,False,False,False,False,False,False,False,False,False,False,False,False,False,False,False
Penance II,Male,blue,-,Blond,183.0,Marvel Comics,-,good,89.0,False,False,False,False,False,False,False,False,False,False,False,False,False,False,False,False
Penguin,Male,blue,Human,Black,157.0,DC Comics,-,bad,79.0,False,False,False,False,False,False,False,False,False,False,False,False,False,False,False,False
Phantom Girl,Female,blue,-,Black,168.0,DC Comics,-,good,54.0,False,False,False,False,False,False,False,False,False,False,False,False,False,False,False,False
Phoenix,Female,green,Mutant,Red,168.0,Marvel Comics,-,good,52.0,False,False,True,False,True,False,False,False,True,False,False,False,False,True,False,False
Plantman,Male,green,Mutant,Grey,183.0,Marvel Comics,-,bad,87.0,False,False,False,False,False,False,False,False,False,False,False,False,False,False,False,False
Plastic Man,Male,blue,Human,Black,185.0,DC Comics,-,good,80.0,False,False,False,False,False,False,False,False,False,False,False,False,False,False,False,False
Plastique,Female,blue,-,Red,168.0,DC Comics,-,bad,55.0,False,False,False,False,False,False,False,False,False,False,False,False,False,False,False,False
Poison Ivy,Female,green,Human,Red,168.0,DC Comics,green,bad,50.0,False,False,False,False,False,False,True,False,False,False,False,False,False,False,False,False
Polaris,Female,green,Mutant,Green,170.0,Marvel Comics,-,good,52.0,False,False,False,False,False,False,False,False,False,False,False,True,False,False,False,False
Power Girl,Female,blue,Kryptonian,blond,180.0,DC Comics,-,good,81.0,False,False,False,False,False,False,False,False,False,False,False,False,False,False,False,False
Predator,Male,-,Yautja,-,213.0,Dark Horse Comics,-,bad,234.0,False,False,False,False,False,False,False,False,False,False,False,False,False,False,False,False
Professor X,Male,blue,Mutant,No Hair,183.0,Marvel Comics,-,good,86.0,False,False,False,False,False,False,False,False,False,False,False,False,False,False,False,False
Professor Zoom,Male,blue,Human,Strawberry Blond,180.0,DC Comics,-,bad,81.0,False,False,False,False,False,False,False,False,False,False,False,False,False,False,False,False
Psylocke,Female,blue,Mutant,Purple,180.0,Marvel Comics,-,good,70.0,False,False,True,False,False,True,False,False,False,False,False,False,False,False,False,False
Punisher,Male,blue,Human,Black,183.0,Marvel Comics,-,good,90.0,False,False,False,False,False,False,False,False,False,False,False,False,False,False,False,False
Purple Man,Male,purple,Human,Purple,180.0,Marvel Comics,purple,bad,74.0,False,False,False,False,False,False,True,False,False,False,False,False,False,False,False,False
Pyro,Male,blue,-,Blond,178.0,Marvel Comics,-,bad,68.0,False,False,False,False,True,False,False,False,False,False,False,False,False,False,False,False
Question,Male,blue,Human,Blond,188.0,DC Comics,-,good,83.0,False,False,False,False,False,False,False,False,False,False,False,False,False,False,False,False
Quicksilver,Male,blue,Mutant,Silver,183.0,Marvel Comics,-,good,79.0,False,False,False,False,False,False,False,False,False,False,False,False,False,False,False,False
Quill,Male,brown,-,Brown,163.0,Marvel Comics,-,good,56.0,False,False,False,False,False,False,False,False,False,False,False,False,False,False,False,False
Ra's Al Ghul,Male,green,Human,Grey,193.0,DC Comics,-,bad,97.0,False,False,False,False,False,False,False,False,False,False,False,False,False,False,False,False
Raven,Female,indigo,Human,Black,165.0,DC Comics,-,neutral,50.0,False,True,True,False,False,False,False,False,False,False,False,False,False,False,False,False
Ray,Male,green,Human,Red,178.0,DC Comics,-,good,70.0,False,False,False,True,False,False,False,False,False,False,False,False,False,False,False,False
Razor-Fist II,Male,blue,-,No Hair,191.0,Marvel Comics,-,bad,117.0,False,False,False,False,False,False,False,False,False,False,False,False,False,False,False,False
Red Arrow,Male,green,Human,Red,180.0,DC Comics,-,good,83.0,False,False,False,False,False,False,False,False,False,False,False,False,False,False,False,False
Red Hood,Male,blue,Human,Black,183.0,DC Comics,-,neutral,81.0,False,False,False,False,False,False,False,False,False,False,False,False,False,False,False,False
Red Hulk,Male,yellow,Human / Radiation,Black,213.0,Marvel Comics,red,neutral,630.0,False,False,False,False,False,False,False,False,False,False,False,False,False,False,False,False
Red Robin,Male,blue,Human,Black,165.0,DC Comics,-,good,56.0,False,False,False,False,False,False,False,False,False,False,False,False,False,False,False,False
Red Skull,Male,blue,-,No Hair,188.0,Marvel Comics,-,bad,108.0,False,False,False,False,False,False,False,False,False,False,False,False,False,False,False,False
Red Tornado,Male,green,Android,No Hair,185.0,DC Comics,-,good,146.0,False,False,False,False,False,False,False,False,False,False,False,False,True,True,False,False
Rhino,Male,brown,Human / Radiation,Brown,196.0,Marvel Comics,-,bad,320.0,False,False,False,False,False,False,False,False,False,False,False,False,False,False,False,False
Rick Flag,Male,blue,-,Brown,185.0,DC Comics,-,bad,85.0,False,False,False,False,False,False,False,False,False,False,False,False,False,False,False,False
Ripcord,Female,green,-,Black,180.0,Marvel Comics,-,good,72.0,False,False,False,False,False,False,False,False,False,False,False,False,False,False,False,False
Robin,Male,blue,Human,Black,178.0,DC Comics,-,good,79.0,False,False,False,False,False,False,False,False,False,False,False,False,False,False,False,False
Robin II,Male,blue,Human,Red,183.0,DC Comics,-,good,101.0,False,False,False,False,False,False,False,False,False,False,False,False,False,False,False,False
Robin III,Male,blue,Human,Black,165.0,DC Comics,-,good,56.0,False,False,False,False,False,False,False,False,False,False,False,False,False,False,False,False
Robin V,Male,blue,Human,Black,137.0,DC Comics,-,good,38.0,False,False,False,False,False,False,False,False,False,False,False,False,False,False,False,False
Rocket Raccoon,Male,brown,Animal,Brown,122.0,Marvel Comics,-,good,25.0,False,False,False,False,False,False,False,False,False,False,False,False,False,False,False,False
Rogue,Female,green,-,Brown / White,173.0,Marvel Comics,-,good,54.0,False,False,False,False,False,False,False,False,False,False,False,False,False,False,False,False
Rorschach,Male,blue,Human,Red,168.0,DC Comics,-,good,63.0,False,False,False,False,False,False,False,False,False,False,False,False,False,False,False,False
Sabretooth,Male,amber,Mutant,Blond,198.0,Marvel Comics,-,bad,171.0,False,False,False,False,False,False,False,False,False,False,False,False,False,False,False,False
Sage,Female,blue,-,Black,170.0,Marvel Comics,-,good,61.0,False,False,False,False,False,False,False,False,False,False,False,False,False,False,False,False
Sandman,Male,brown,Human,Brown,185.0,Marvel Comics,-,neutral,203.0,False,False,False,False,False,False,False,False,False,False,False,False,False,False,False,False
Sasquatch,Male,red,-,Orange,305.0,Marvel Comics,-,good,900.0,False,False,False,False,False,False,False,False,False,False,False,False,False,False,False,False
Scarecrow,Male,blue,Human,Brown,183.0,DC Comics,-,bad,63.0,False,False,False,False,False,False,False,False,False,False,False,False,False,False,False,False
Scarlet Spider,Male,blue,Human,Blond,178.0,Marvel Comics,-,good,74.0,False,False,False,False,False,False,False,False,False,False,False,False,False,False,False,False
Scarlet Spider II,Male,brown,Clone,Brown,193.0,Marvel Comics,-,good,113.0,False,False,False,False,False,False,False,False,False,False,False,False,False,False,False,True
Scarlet Witch,Female,blue,Mutant,Brown,170.0,Marvel Comics,-,bad,59.0,False,True,True,False,False,False,False,False,True,False,False,False,False,False,False,False
Scorpion,Male,brown,Human,Brown,211.0,Marvel Comics,-,bad,310.0,False,False,False,False,False,False,False,False,False,False,False,False,False,False,False,False
Sentry,Male,blue,Mutant,Blond,188.0,Marvel Comics,-,neutral,87.0,False,False,True,False,False,False,False,False,False,False,False,False,False,True,False,False
Shadow King,-,red,-,-,185.0,Marvel Comics,-,good,149.0,False,False,False,False,False,False,False,False,False,False,False,False,False,False,False,False
Shadow Lass,Female,black,Talokite,Black,173.0,DC Comics,blue,good,54.0,False,False,False,False,False,False,False,False,False,False,False,False,False,False,False,False
Shadowcat,Female,hazel,Mutant,Brown,168.0,Marvel Comics,-,good,50.0,False,False,False,False,False,False,False,False,True,False,False,False,False,False,False,False
Shang-Chi,Male,brown,Human,Black,178.0,Marvel Comics,-,good,79.0,False,False,False,False,False,False,False,False,False,False,False,False,False,False,False,False
Shatterstar,Male,brown,-,Red,191.0,Marvel Comics,-,good,88.0,False,False,False,False,False,False,False,False,False,False,False,False,False,False,False,False
She-Hulk,Female,green,Human,Green,201.0,Marvel Comics,-,good,315.0,False,False,False,False,False,False,False,False,False,False,False,False,False,False,False,False
She-Thing,Female,blue,Human / Radiation,No Hair,183.0,Marvel Comics,-,good,153.0,False,False,False,False,False,False,False,False,False,False,False,False,False,False,False,False
Shocker,Male,brown,Human,Brown,175.0,Marvel Comics,-,bad,79.0,False,False,False,False,False,False,False,False,False,False,False,False,False,False,False,False
Shriek,Female,yellow / blue,-,Black,173.0,Marvel Comics,-,good,52.0,False,False,True,False,False,False,False,False,True,False,False,False,False,False,False,False
Sif,Female,blue,Asgardian,Black,188.0,Marvel Comics,-,good,191.0,False,True,False,False,False,False,False,False,False,False,False,False,False,False,False,False
Silver Surfer,Male,white,Alien,No Hair,193.0,Marvel Comics,silver,good,101.0,False,True,False,False,False,False,False,False,False,False,False,False,False,False,False,False
Silverclaw,Female,brown,-,Black,157.0,Marvel Comics,-,good,50.0,False,False,False,False,False,False,False,False,False,False,False,False,False,False,False,False
Sinestro,Male,black,Korugaran,Black,201.0,DC Comics,red,neutral,92.0,False,False,False,False,False,False,False,False,False,False,False,False,False,False,False,False
Siren,Female,blue,Atlantean,Purple,175.0,DC Comics,-,bad,72.0,True,False,False,False,False,False,False,False,False,True,False,False,False,False,False,False
Siryn,Female,blue,-,Strawberry Blond,168.0,Marvel Comics,-,bad,52.0,False,False,False,False,False,False,False,False,False,False,False,False,False,False,False,False
Skaar,Male,green,-,Black,198.0,Marvel Comics,-,good,180.0,False,False,False,False,False,False,False,False,False,False,False,False,False,False,False,False
Snowbird,Female,white,-,Blond,178.0,Marvel Comics,-,good,49.0,False,False,False,False,False,True,False,False,False,False,False,False,False,False,False,False
Solomon Grundy,Male,black,Zombie,White,279.0,DC Comics,-,bad,437.0,False,False,False,False,False,False,False,False,False,False,False,False,False,True,False,False
Songbird,Female,green,-,Red / White,165.0,Marvel Comics,-,good,65.0,False,False,False,False,False,False,False,False,False,False,False,False,False,False,False,False
Space Ghost,Male,-,Human,-,188.0,DC Comics,-,good,113.0,False,False,False,False,False,False,False,False,False,False,False,True,False,False,False,False
Spawn,Male,brown,Demon,Black,211.0,Image Comics,-,good,405.0,False,True,False,False,False,False,False,False,False,False,False,False,False,True,False,False
Spider-Girl,Female,blue,Human,Brown,170.0,Marvel Comics,-,good,54.0,False,False,False,False,False,False,False,False,False,False,False,False,False,False,False,True
Spider-Gwen,Female,blue,Human,Blond,165.0,Marvel Comics,-,good,56.0,False,False,False,False,False,False,False,False,False,False,False,False,False,False,False,True
Spider-Man,Male,hazel,Human,Brown,178.0,Marvel Comics,-,good,74.0,False,False,False,False,False,False,False,False,False,False,False,False,False,False,False,True
Spider-Man,-,red,Human,Brown,178.0,Marvel Comics,-,good,77.0,False,False,False,False,False,False,False,False,False,False,False,False,False,False,False,True
Spider-Man,Male,brown,Human,Black,157.0,Marvel Comics,-,good,56.0,False,False,False,False,False,False,False,False,False,False,False,False,False,False,False,True
Spider-Woman,Female,green,Human,Black,178.0,Marvel Comics,-,good,59.0,False,False,False,False,False,False,False,False,False,False,False,False,False,False,False,False
Spider-Woman III,Female,brown,-,Brown,173.0,Marvel Comics,-,good,55.0,False,False,False,False,False,False,False,False,False,False,False,False,False,False,False,False
Spider-Woman IV,Female,red,-,White,178.0,Marvel Comics,-,bad,58.0,False,False,False,False,False,True,True,False,False,False,False,False,False,False,False,False
Spock,Male,brown,Human-Vulcan,Black,185.0,Star Trek,-,good,81.0,False,False,False,False,False,False,False,False,False,False,True,False,False,False,False,False
Spyke,Male,brown,Mutant,Blond,183.0,Marvel Comics,-,good,83.0,False,False,False,False,False,False,False,False,False,False,False,False,False,False,False,False
Star-Lord,Male,blue,Human-Spartoi,Blond,188.0,Marvel Comics,-,good,79.0,False,False,False,False,False,False,False,False,False,False,False,False,False,False,False,False
Starfire,Female,green,Tamaranean,Auburn,193.0,DC Comics,orange,good,71.0,False,False,False,False,False,False,False,False,False,False,True,False,False,False,False,False
Stargirl,Female,blue,Human,Blond,165.0,DC Comics,-,good,62.0,False,False,False,False,False,False,False,False,False,False,False,False,False,False,False,False
Static,Male,brown,Mutant,Black,170.0,DC Comics,-,good,63.0,False,False,False,False,False,False,False,False,True,False,False,False,False,False,False,False
Steel,Male,brown,-,No Hair,201.0,DC Comics,-,good,131.0,False,False,False,False,False,False,False,False,False,False,False,False,False,False,False,False
Steppenwolf,Male,red,New God,Black,183.0,DC Comics,white,bad,91.0,False,False,False,False,False,False,False,False,False,False,False,False,False,False,False,False
Storm,Female,blue,Mutant,White,180.0,Marvel Comics,-,good,57.0,False,False,False,False,False,False,False,False,False,False,False,False,False,False,True,False
Sunspot,Male,brown,Mutant,black,173.0,Marvel Comics,-,good,77.0,False,False,False,False,True,False,False,False,False,False,False,False,False,False,False,False
Superboy,Male,blue,-,Black,170.0,DC Comics,-,good,68.0,False,False,False,False,False,False,False,False,False,False,False,False,False,False,False,False
Superboy-Prime,Male,blue,Kryptonian,Black / Blue,180.0,DC Comics,-,bad,77.0,False,False,False,False,False,False,True,False,False,False,False,False,False,False,False,False
Supergirl,Female,blue,Kryptonian,Blond,165.0,DC Comics,-,good,54.0,False,False,False,False,False,False,True,False,False,False,False,False,False,False,False,False
Superman,Male,blue,Kryptonian,Black,191.0,DC Comics,-,good,101.0,False,False,False,True,False,False,True,False,False,False,False,False,False,False,False,False
Swarm,Male,yellow,Mutant,No Hair,196.0,Marvel Comics,yellow,bad,47.0,False,False,False,False,False,False,False,True,False,False,False,False,False,False,False,False
Synch,Male,brown,-,Black,180.0,Marvel Comics,-,good,74.0,False,False,False,False,False,False,False,False,False,False,False,False,False,False,False,False
T-1000,Male,-,Android,-,183.0,Dark Horse Comics,silver,bad,146.0,False,False,False,False,False,False,False,False,False,False,False,False,False,False,False,False
Taskmaster,Male,brown,Human,Brown,188.0,Marvel Comics,-,bad,99.0,False,False,False,False,False,False,False,False,False,False,False,False,False,False,False,False
Tempest,Female,brown,-,Black,163.0,Marvel Comics,-,good,54.0,False,False,False,False,True,False,False,False,False,False,False,False,True,False,False,False
Thanos,Male,red,Eternal,No Hair,201.0,Marvel Comics,purple,bad,443.0,False,True,False,True,False,False,False,False,False,False,True,False,False,False,False,False
The Comedian,Male,brown,Human,Black,188.0,DC Comics,-,neutral,101.0,False,False,False,False,False,False,False,False,False,False,False,False,False,False,False,False
Thing,Male,blue,Human / Radiation,No Hair,183.0,Marvel Comics,-,good,225.0,False,False,False,False,False,False,False,False,False,False,False,False,False,False,False,False
Thor,Male,blue,Asgardian,Blond,198.0,Marvel Comics,-,good,288.0,False,True,False,False,False,False,False,False,False,False,False,False,False,False,True,False
Thor Girl,Female,blue,Asgardian,Blond,175.0,Marvel Comics,-,good,143.0,False,False,False,False,False,False,False,False,False,False,False,False,False,False,False,False
Thunderbird,Male,brown,-,Black,185.0,Marvel Comics,-,good,101.0,False,False,False,False,False,False,False,False,False,False,False,False,False,False,False,False
Thunderbird III,Male,brown,-,Black,175.0,Marvel Comics,-,good,74.0,False,False,False,False,False,False,False,False,False,False,False,False,False,False,False,False
Thunderstrike,Male,blue,-,Blond,198.0,Marvel Comics,-,good,288.0,False,False,False,False,False,False,False,False,False,False,False,False,False,False,False,False
Thundra,Female,green,-,Red,218.0,Marvel Comics,-,good,158.0,False,False,False,False,False,False,False,False,False,False,False,False,False,False,False,False
Tiger Shark,Male,grey,Human,No Hair,185.0,Marvel Comics,grey,bad,203.0,True,False,False,False,False,False,False,False,False,False,False,False,False,False,False,False
Tigra,Female,green,-,Auburn,178.0,Marvel Comics,-,good,81.0,False,False,False,False,False,False,False,False,False,False,False,False,False,False,False,False
Tinkerer,Male,brown,-,White,163.0,Marvel Comics,-,bad,54.0,False,False,False,False,False,False,False,False,False,False,False,False,False,False,False,False
Toad,Male,black,Mutant,Brown,175.0,Marvel Comics,green,neutral,76.0,False,False,False,False,False,False,False,False,False,False,False,False,False,False,False,False
Toxin,Male,blue,Symbiote,Brown,188.0,Marvel Comics,-,good,97.0,False,False,False,False,False,False,False,False,False,False,False,False,False,False,False,True
Toxin,Male,black,Symbiote,Blond,191.0,Marvel Comics,-,good,117.0,False,False,False,False,False,False,False,False,False,False,False,False,False,False,False,True
Trickster,Male,blue,Human,Blond,183.0,DC Comics,-,-,81.0,False,False,False,False,False,False,False,False,False,False,False,False,False,False,False,False
Triplicate Girl,Female,purple,-,Brown,168.0,DC Comics,-,good,59.0,False,False,False,False,False,False,False,False,False,False,False,False,False,False,False,False
Triton,Male,green,Inhuman,No Hair,188.0,Marvel Comics,green,good,86.0,True,False,False,False,False,False,False,False,False,False,False,False,False,False,False,False
Ultragirl,Female,blue,-,Blond,168.0,Marvel Comics,-,good,105.0,False,False,False,False,False,False,False,False,False,False,False,False,False,False,False,False
Ultron,Male,red,Android,-,206.0,Marvel Comics,silver,bad,331.0,False,False,False,True,False,False,False,False,False,False,False,False,False,False,False,False
Utgard-Loki,Male,blue,Frost Giant,White,15.2,Marvel Comics,-,bad,58.0,False,False,False,False,False,False,False,False,False,False,False,False,False,False,False,False
Valerie Hart,Female,hazel,-,Black,175.0,Team Epic TV,-,good,56.0,False,False,False,False,False,False,False,False,False,False,False,False,False,False,False,False
Valkyrie,Female,blue,-,Blond,191.0,Marvel Comics,-,good,214.0,False,False,False,False,False,False,False,False,False,False,False,False,False,False,False,False
Vanisher,Male,green,-,No Hair,165.0,Marvel Comics,-,bad,79.0,False,True,False,False,False,False,False,False,False,False,False,False,False,False,False,False
Vegeta,Male,-,Saiyan,Black,168.0,Shueisha,-,bad,73.0,False,False,False,False,True,False,False,False,True,False,False,False,False,False,False,False
Venom,Male,blue,Symbiote,Strawberry Blond,191.0,Marvel Comics,-,bad,117.0,False,False,False,False,False,False,False,False,False,False,False,False,False,False,False,True
Venom II,Male,brown,-,Black,175.0,Marvel Comics,-,bad,50.0,False,False,False,False,False,False,False,False,False,False,False,False,False,False,False,False
Venom III,Male,brown,Symbiote,Brown,229.0,Marvel Comics,-,bad,334.0,False,False,False,False,False,False,False,False,False,False,False,False,False,False,False,False
Vertigo II,Female,blue,-,Silver,168.0,Marvel Comics,-,good,52.0,False,False,False,False,False,False,False,False,False,False,False,False,False,False,False,False
Vibe,Male,brown,Human,Black,178.0,DC Comics,-,good,71.0,False,True,False,False,False,False,False,False,False,False,False,False,False,False,False,False
Vindicator,Female,green,Human,Red,165.0,Marvel Comics,-,good,54.0,False,False,False,True,False,False,False,False,False,True,False,False,False,False,False,False
Violet Parr,Female,violet,Human,Black,137.0,Dark Horse Comics,-,good,41.0,False,False,False,False,False,False,False,False,True,False,False,False,False,False,False,False
Vision,Male,gold,Android,No Hair,191.0,Marvel Comics,red,good,135.0,False,False,False,True,False,False,False,False,False,False,False,False,False,False,False,False
Vixen,Female,amber,Human,Black,175.0,DC Comics,-,good,63.0,False,False,False,False,False,False,False,False,False,False,False,False,False,False,False,False
Vulture,Male,brown,Human,No Hair,180.0,Marvel Comics,-,bad,79.0,False,False,False,False,False,False,False,False,True,False,False,False,False,False,False,False
Walrus,Male,blue,Human,Black,183.0,Marvel Comics,-,bad,162.0,False,False,False,False,False,False,False,False,False,False,False,False,False,False,False,False
War Machine,Male,brown,Human,Brown,185.0,Marvel Comics,-,good,95.0,True,False,False,True,False,False,False,False,False,False,False,True,False,False,False,False
Warlock,Male,red,-,Blond,188.0,Marvel Comics,-,good,108.0,False,False,False,False,False,False,False,False,False,False,False,False,False,False,False,False
Warp,Male,brown,-,Black,173.0,DC Comics,-,bad,67.0,False,True,False,False,False,False,False,False,False,False,False,False,False,False,False,False
Warpath,Male,brown,Mutant,Black,218.0,Marvel Comics,-,good,158.0,False,False,False,False,False,False,False,False,False,False,False,False,False,False,False,False
Wasp,Female,blue,Human,Auburn,163.0,Marvel Comics,-,good,50.0,False,False,False,False,False,False,False,False,False,False,False,False,False,False,False,False
Winter Soldier,Male,brown,Human,Brown,175.0,Marvel Comics,-,good,117.0,False,False,False,False,False,False,False,False,False,False,False,False,False,False,False,False
Wolfsbane,Female,green,-,Auburn,366.0,Marvel Comics,-,good,473.0,False,False,False,False,False,False,False,False,False,False,False,False,False,False,False,False
Wolverine,Male,blue,Mutant,Black,160.0,Marvel Comics,-,good,135.0,False,False,False,False,False,False,False,False,False,False,False,False,False,False,False,False
Wonder Girl,Female,blue,Demi-God,Blond,165.0,DC Comics,-,good,51.0,False,False,False,False,False,False,False,False,False,False,False,False,False,False,False,False
Wonder Man,Male,red,-,Black,188.0,Marvel Comics,-,good,171.0,False,False,False,False,False,False,False,False,False,False,False,False,False,False,False,False
Wonder Woman,Female,blue,Amazon,Black,183.0,DC Comics,-,good,74.0,False,False,False,False,False,False,True,False,False,False,False,False,False,False,False,False
X-23,Female,green,Mutant / Clone,Black,155.0,Marvel Comics,-,good,50.0,False,False,False,False,False,False,False,False,False,False,False,False,False,False,False,False
X-Man,Male,blue,-,Brown,175.0,Marvel Comics,-,good,61.0,False,True,True,False,False,False,False,False,False,False,False,False,False,False,False,False
Yellowjacket,Male,blue,Human,Blond,183.0,Marvel Comics,-,good,83.0,False,False,False,False,False,False,False,False,False,False,False,False,False,False,False,False
Yellowjacket II,Female,blue,Human,Strawberry Blond,165.0,Marvel Comics,-,good,52.0,False,False,False,False,False,False,False,False,False,False,False,False,False,False,False,False
Yoda,Male,brown,Yoda's species,White,66.0,George Lucas,green,good,17.0,False,False,True,False,False,True,False,False,False,False,False,False,False,False,False,False
Zatanna,Female,blue,Human,Black,170.0,DC Comics,-,good,57.0,False,False,False,False,True,False,False,False,False,True,False,False,False,False,True,False
Zoom,Male,red,-,Brown,185.0,DC Comics,-,bad,81.0,False,False,False,False,False,False,False,False,False,False,False,False,False,False,False,False
